name,profile_url
Νίκος Αθανασίου,https://www.gazzetta.gr/dimosiografos/nikos-athanasiou
Γιώργος Κούβαρης,https://www.gazzetta.gr/dimosiografos/giorgos-kouvaris
Κώστας Νικολακόπουλος,https://www.gazzetta.gr/blogger/kwstas-nikolakopoulos
Δημήτρης Τσορμπατζόγλου,https://www.gazzetta.gr/blogger/dimitris-tsormpatzoglou
Γιώργος Τσακίρης,https://www.gazzetta.gr/blogger/giwrgos-tsakiris
Αντώνης Καλκαβούρας,https://www.gazzetta.gr/blogger/antonis-kalkavouras
Νίκος Παπαδογιάννης,https://www.gazzetta.gr/reporter/papadogiannis
Βασίλης Σαμπράκος,https://www.gazzetta.gr/blogger/vasilis-samprakos
Δημήτρης Κωνσταντινίδης,https://www.gazzetta.gr/blogger/dimitris-konstantinidis
Κωνσταντίνος Μελάγιες,https://www.gazzetta.gr/blogger/konstantinos-melagies
Βασίλης Βλαχόπουλος,https://www.gazzetta.gr/dimosiografos/vassilis-vlachopoulos
Κώστας Παστρίμας,https://www.gazzetta.gr/dimosiografoi/kostas-pastrimas
Χρύσανθος Τσαλτίδης,https://www.gazzetta.gr/blogger/xrysanthos-tsaltidis
Σταύρος Σουντουλίδης,https://www.gazzetta.gr/reporter/stavros-sountoulidis
Δημοσθένης Γεωργακόπουλος,https://www.gazzetta.gr/taxonomy/term/175
Νίκος Γιαννούλας,https://www.gazzetta.gr/dimosiografoi/nikos-giannoylas
Θάνος Σαρρής,https://www.gazzetta.gr/dimosiografoi/thanasis-sarris
Γιάννης Σερέτης,https://www.gazzetta.gr/dimosiografos/giannis-seretis
Αλέξανδρος Σαλαμές,https://www.gazzetta.gr/taxonomy/term/8881
Δημήτρης Τομαράς,https://www.gazzetta.gr/dimosiografos/dimitris-tomaras
Γιάννης Σαπουντζάκης,https://www.gazzetta.gr/taxonomy/term/5871
Ανδρέας Δημάτος,https://www.gazzetta.gr/taxonomy/term/8009
Κώστας Μπιτσικώκος,https://www.gazzetta.gr/dimosiografos/kostas-mpitsikokos
γεροΓιοβάισα,https://www.gazzetta.gr/blogger/gerogiovaisa
Φώτης Καρακούσης,https://www.gazzetta.gr/dimosiografos/fotis-karakousis
Μιχάλης Τσαμπάς,https://www.gazzetta.gr/dimosiografos/michalis-tsampas
Αλέξανδρος Λοθάνο,https://www.gazzetta.gr/dimosiografoi/alexandros-lothano
Πολύδωρος Παπαδόπουλος,https://www.gazzetta.gr/planetfootball/blogger/polydoros-papadopoulos
Βασίλης Τσίγκας,https://www.gazzetta.gr/dimosiografos/vasilis-tsigas
Δημήτρης Οικονόμου,https://www.gazzetta.gr/blogger/dimitris-oikonomou
Θάνος Σαρρής,https://www.gazzetta.gr/dimosiografoi/thanasis-sarris
Στάθης Κοκκορόγιαννης,https://www.gazzetta.gr/dimosiografoi/stathis-kokkorogiannis
Μιχάλης Τσόχος,https://www.gazzetta.gr/blogger/michalis-tsoxos
Δημήτρης Πετρούνιας,https://www.gazzetta.gr/taxonomy/term/6028
Local Fans,https://www.gazzetta.gr/taxonomy/term/7567
Στέλιος Μαλακόπουλος,https://www.gazzetta.gr/taxonomy/term/8611
Μιχάλης Τσαμπάς,https://www.gazzetta.gr/dimosiografos/michalis-tsampas
Πηνελόπη Γκιώνη,https://www.gazzetta.gr/taxonomy/term/6181
Μιχάλης Γκιουλένογλου,https://www.gazzetta.gr/dimosiografoi/mihalis-gkioylenogloy
Κώστας Παστρίμας,https://www.gazzetta.gr/dimosiografoi/kostas-pastrimas
Μιχάλης Γκιουλένογλου,https://www.gazzetta.gr/dimosiografoi/mihalis-gkioylenogloy
Βασίλης Τσίγκας,https://www.gazzetta.gr/dimosiografos/vasilis-tsigas
Κώστας Ευθυμιάδης,https://www.gazzetta.gr/dimosiografoi/kostas-eythymiadis
Πάνος Σεϊτανίδης,https://www.gazzetta.gr/dimosiografoi/panos-seitanidis
